0,郑剃,"2022-10-04 08:01:48",kyzqcd0686@vjikq.tng
1,闾丘喜造,"2022-10-04 08:06:31",bvkqwbmgwi@lh80q.4ln
2,王曙介,"2022-10-04 08:04:39",axvcbj7vbo@ecyi1.4gw
3,赖溯姆,"2022-10-04 08:00:19",ew1qu5sunz@caxtg.vtn
4,钱泼奎,"2022-10-04 08:04:51",50xdhnfppw@vwreu.kxk
5,尉迟亏,"2022-10-04 08:02:25",h8ist2s54k@lorkp.79s
6,贾盏,"2022-10-04 08:05:22",hnzfdmnjgo@rsiq9.syx
7,蔡辟,"2022-10-04 08:03:53",apjlg5pyuo@lhs6l.oj4
8,蔡矛,"2022-10-04 08:05:35",cpqofnn5xd@7iknh.qc5
9,赖妖炬,"2022-10-04 08:05:03",0wg3nfjdv9@fomvu.2kb
10,毛溜孝,"2022-10-04 08:06:37",1kkaib5i4e@ecvb8.6cs
11,邵省充,"2022-10-04 08:04:30",ojf9yb13qt@0ewax.m8q
12,邓瑟冕,"2022-10-04 08:03:17",qpekfvcabb@szdba.wsr
13,史符先,"2022-10-04 08:01:48",2ib2yix9kk@akfvm.jrq
14,钟驯,"2022-10-04 08:01:48",h6xudjiwbl@ujirq.tfu
15,欧阳克基,"2022-10-04 08:02:14",iqzahyjg9t@0s8hk.6zm
16,萧叔,"2022-10-04 08:02:54",jjyfrsxnfo@bfg9u.xhp
17,周景汹,"2022-10-04 08:04:06",ygvlbknu2c@zqnvr.3ka
18,刘挤,"2022-10-04 07:58:47",olorzy17jg@j2a8c.5bc
19,公孙戏烬,"2022-10-04 08:00:25",ohy14azydl@ofyl0.cxp
20,彭挖娶,"2022-10-04 08:00:39",yj25obeeae@yzle5.dm1
21,闾丘贤本,"2022-10-04 07:59:45",tyqwlmkmwi@qn5cf.s2d
22,康氯,"2022-10-04 07:58:31",i2wmac4wba@qtzcg.fle
23,杜实,"2022-10-04 08:03:01",p3ce6cx2wx@37dhk.nwh
24,江驮菠,"2022-10-04 08:06:29",oov6c4otrp@vwksb.ngt
25,徐溺铅,"2022-10-04 08:03:37",hmp1hqkvwc@fvdzm.tuy
26,叶品,"2022-10-04 08:01:38",mfpsxqqqq2@puy5y.nxd
27,令狐猪倚,"2022-10-04 08:05:27",rx1xjy1l2g@2qfmz.vyl
28,邱瞩汤,"2022-10-04 08:06:41",zmixu3owzh@wullm.nn1
29,唐而颗,"2022-10-04 08:01:30",a6vdhsnxko@nekn2.h2d
30,熊芍扦,"2022-10-04 08:02:49",2fj6uvza5w@myjs3.yha
31,鲜于琶,"2022-10-04 08:05:22",mg12u2u4hw@bwnwy.6g4
32,皇甫霓琐,"2022-10-04 08:00:33",ttzoam0ral@utfxc.get
33,方纷,"2022-10-04 08:00:09",nhrzutjjls@xli3d.hnh
34,张梢,"2022-10-04 07:59:06",ftfdspw8na@vorhh.02p
35,石箍,"2022-10-04 08:01:34",g1a2t0lntb@71n8v.kyj
36,苏涌,"2022-10-04 08:01:49",h0bcylquj6@eu8qh.byy
37,谢窑,"2022-10-04 08:06:16",d37wobonjp@mzfkp.1mx
38,姜趋,"2022-10-04 08:06:14",ozaysoce5d@zesd4.04e
39,宇文矢,"2022-10-04 08:06:37",hubim5c3rl@yxxax.8ms
40,冯椿,"2022-10-04 08:04:16",5qxyx1l2nb@ctyu9.y1k
41,皇甫藩珠,"2022-10-04 08:00:05",qdxnqm2npw@rnpk1.a0i
42,胡晶,"2022-10-04 08:03:37",s9hd1jgf56@mpksg.mv5
43,皇甫匡,"2022-10-04 08:05:26",yjj59uqyqi@oar3i.hg1
44,严惯,"2022-10-04 08:04:20",hej9a1aiug@jinmh.dxj
45,赵霉袁,"2022-10-04 08:01:10",4ytg9tqfeu@pccq6.690
46,郝菌,"2022-10-04 08:00:25",pxnvll22ni@sndpj.sus
47,诸葛估,"2022-10-04 08:01:35",3go2q6zb9z@5nifc.owx
48,沈峨宛,"2022-10-04 08:00:39",7cwxwmhk5s@imxki.xou
49,沈函,"2022-10-04 07:58:51",wxzjksdgea@trjs4.4wd
50,田徽躯,"2022-10-04 08:06:40",fudusqjwsq@jrigz.3ly
51,曾谓,"2022-10-04 08:01:06",vywqvqpwhh@h6yd3.bkj
52,朱络掣,"2022-10-04 08:01:35",nlaelloyep@mpnyx.8im
53,雷徽,"2022-10-04 08:03:57",ma4dilkloj@lu622.5gz
54,潘夏,"2022-10-04 08:03:46",im2cikyjff@9eh1x.l27
55,牛磊,"2022-10-04 08:05:26",liaxgi31gn@bogti.cas
56,赵宠镭,"2022-10-04 08:00:13",6tk2deuaeh@8bg2z.vvp
57,轩辕带飞,"2022-10-04 08:03:35",cdlih5nvm2@ievec.v5v
58,雷原伪,"2022-10-04 07:59:32",t5zptyq49i@4glsd.9z5
59,冯磋扔,"2022-10-04 07:59:32",nnvoicq1gc@zrgrx.lcg
60,傅碍,"2022-10-04 08:05:43",ae536vylu0@yfqx7.s4r
61,崔鸭,"2022-10-04 08:02:27",xebtxvval3@rswdt.sx2
62,於公,"2022-10-04 08:02:05",jsyrlsb4a7@ei0ub.b3k
63,熊特季,"2022-10-04 07:58:56",l7msquaplf@oxuhg.esm
64,曹紧,"2022-10-04 08:01:40",k2ju8lhwfd@4zr7b.ocj
65,夏侯柳,"2022-10-04 07:58:52",apabl5whbt@v02mw.4eh
66,苏脾,"2022-10-04 08:03:50",bdlvwqic9k@ac7ho.dzh
67,孔鼓,"2022-10-04 08:03:33",n1qahtzwl2@6fkez.khl
68,邓植种,"2022-10-04 08:03:45",4ronsowryw@yujqu.uep
69,熊水桂,"2022-10-04 08:05:04",xscwluiwro@ngfdk.myx
70,龙馈脯,"2022-10-04 07:59:25",vh27nxpln7@jhucv.hai
71,赵角,"2022-10-04 08:01:31",grkgfhxffv@olagj.g6y
72,徐冻要,"2022-10-04 07:59:58",jig0v4dpaz@mf6wa.rhf
73,罗棠,"2022-10-04 08:05:17",a7yz7wzsgf@ac85h.sj8
74,高习,"2022-10-04 08:03:17",86hrmsn8ov@zy9jh.6yn
75,石婴菇,"2022-10-04 08:05:47",1o3vi6717r@mplam.lvn
76,方砷蹿,"2022-10-04 08:03:00",yju1k2zbgh@pa66k.0sx
77,邵革,"2022-10-04 08:02:47",eivtt2cp2e@3rorf.ggc
78,张迂其,"2022-10-04 08:05:59",erx54qt84z@p6bdi.afs
79,许了,"2022-10-04 08:01:23",hncvbmzcbu@oetci.qyv
80,彭勘钮,"2022-10-04 08:00:01",9uyqkjfczh@2jv8h.9zf
81,秦漏,"2022-10-04 08:03:00",lmcz5xya8h@va65f.gtr
82,宋尚巩,"2022-10-04 08:02:08",m3uuqaylzh@cttxp.ucr
83,东方鄂,"2022-10-04 08:01:51",zm4psw6jvr@cjpse.5is
84,余兵类,"2022-10-04 07:58:54",ath031pjpp@qz3u1.z19
85,胡刷诵,"2022-10-04 07:59:41",nhr1z592vr@mcvr5.xo1
86,司马拘,"2022-10-04 08:03:33",afkuj9m67o@adeeg.aq2
87,金唐程,"2022-10-04 08:01:42",xcrm3qa77z@wz3ag.jdy
88,蒋宰贼,"2022-10-04 08:00:09",8cpbw60xwv@ype6t.ek7
89,郭峡,"2022-10-04 08:01:57",jqqz3sv0nf@sulb1.sdq
90,曾硷,"2022-10-04 08:03:48",9brlgczbob@sztjw.cyt
91,梁藕,"2022-10-04 08:05:32",ms8r7yjfyn@r71dw.sxq
92,夏侯坏,"2022-10-04 08:01:21",xzt0l9ebtb@99ytb.icg
93,孔幸,"2022-10-04 08:01:12",cvi8pyzgj8@iwvmo.qj1
94,吴迹,"2022-10-04 08:04:04",diqlbilr87@t5xes.iwl
95,贾刁蓟,"2022-10-04 08:05:08",xohwqeu2nz@cyrll.7ua
96,司马险点,"2022-10-04 08:03:09",ri3yhku4cc@s4efa.cgr
97,朱嗽,"2022-10-04 08:05:34",12tn1oacf9@cngyg.bxt
98,白双,"2022-10-04 07:58:55",7e7augxbrs@p2fft.jqc
99,林储,"2022-10-04 07:59:23",bsdmbath8s@ipvyg.qek
100,陈辅奸,"2022-10-04 08:01:03",bcwoifrtm2@vgtya.ree
101,罗酮,"2022-10-04 07:59:53",v2l2jwox3k@590kc.rv1
102,洪溅,"2022-10-04 08:02:18",ehxdrvhyvv@fd966.psx
103,邓拔冈,"2022-10-04 07:59:17",xjpsynakcy@ghcqe.jqi
104,邓蹄,"2022-10-04 07:59:42",ib6nl4egyb@n7qeh.lge
105,阎继疫,"2022-10-04 08:05:30",m3x2oywmkw@vgnw8.pul
106,冯儿敲,"2022-10-04 08:03:21",skha7ewpbu@3ante.lih
107,马咀汾,"2022-10-04 08:03:07",wowyl6qje3@srltk.esx
108,陆夯,"2022-10-04 08:06:28",rs91eqqjna@jjl1h.hij
109,徐孔噶,"2022-10-04 08:00:35",om0apobgtc@nprpi.hmj
110,鲜于竿,"2022-10-04 08:03:25",mezsmdkt0v@fju94.csj
111,许委,"2022-10-04 07:58:51",djhdy5bhpe@yxqbq.ec5
112,左丘厌斯,"2022-10-04 07:59:36",quq1eprtzo@ioq6h.vtz
113,孔膘,"2022-10-04 08:01:49",jtq3afp4zo@f4tgs.udm
114,侯芍,"2022-10-04 07:58:37",xqv3nrzlky@xyeks.ngq
115,林辰,"2022-10-04 08:04:50",njeieyxyje@xvfpm.eca
116,邱栏佬,"2022-10-04 08:00:49",e9z57dbwfk@tzcrr.ae2
117,钟哇啼,"2022-10-04 08:01:44",rvphtgvxi4@qtceb.kp6
118,丁描历,"2022-10-04 08:05:05",fgc9hrl1ft@w3fko.9ym
119,吴病,"2022-10-04 08:00:51",qv0vjyovdt@sv7hv.ppf
120,阎堵,"2022-10-04 08:00:16",ttnu0orrid@ej71g.d3w
121,龙殃曙,"2022-10-04 08:04:15",l2xku3xont@3gpls.qbk
122,方佣,"2022-10-04 08:01:07",zl1ztm0iwf@zudil.p17
123,周底,"2022-10-04 07:58:43",jahkmecg8q@kfh97.rkw
124,崔距叭,"2022-10-04 08:04:26",8etai47tud@jo7tn.ym1
125,高船,"2022-10-04 07:58:51",jdlvytkkfz@uzjft.ira
126,罗此沂,"2022-10-04 08:01:03",veyya8ywrb@26iup.t9i
127,杜怯,"2022-10-04 08:03:25",islroarg8t@csscl.qkj
128,杜眩增,"2022-10-04 08:05:46",y8opwfqqme@y5r7x.zy1
129,轩辕旗肃,"2022-10-04 08:06:24",uz3luphk9b@lnfjy.sx3
130,白埃,"2022-10-04 08:01:10",7obuyjrcuq@2rbrs.m4d
131,龙曙,"2022-10-04 08:01:51",t8gizitkzk@xffff.bk3
132,萧崖,"2022-10-04 08:01:46",n3zodqzayr@di3er.spu
133,许掩假,"2022-10-04 08:00:22",kzx73vpped@fliq2.enk
134,杜敲典,"2022-10-04 07:58:56",mqohzy2hpt@skecz.bkk
135,蒋拷韶,"2022-10-04 08:06:11",ai3nbdnazs@qvson.lb6
136,轩辕当等,"2022-10-04 08:04:02",up03ykicl0@oki65.3u6
137,东方路,"2022-10-04 08:05:33",ulm7xl5yf9@cfiwe.ruz
138,朱战慧,"2022-10-04 08:05:28",4mwk0iufeg@ncadv.qqu
139,尹玩,"2022-10-04 08:04:21",hqfurhryxz@whera.lcc
140,沈脊,"2022-10-04 08:05:52",dttdgzu7ih@zxwu9.wb4
141,余推,"2022-10-04 08:01:20",gruvrccwc2@f2o0k.rpg
142,尉迟供,"2022-10-04 07:59:24",c9abmftg4q@twxc5.lo0
143,石韧,"2022-10-04 08:01:59",8k7f2lrla5@i102w.crt
144,石箩眺,"2022-10-04 08:03:57",le1ohemhwa@rmhts.sbu
145,顾汉奄,"2022-10-04 08:00:05",yihk5voug1@fp63i.v8i
146,西门苑,"2022-10-04 08:05:01",46tlyruhji@vbnpk.j1a
147,卢贴撒,"2022-10-04 08:04:30",o4emjkqkqn@vxblk.l7t
148,高验,"2022-10-04 08:00:11",r505f97c2p@glzvr.hee
149,江卵派,"2022-10-04 08:02:52",gqqbbq3qv9@4hjkc.xet
150,彭聚,"2022-10-04 08:06:13",pkgrdlnsic@da1ep.uah
151,邵戮捷,"2022-10-04 07:58:50",vhmroqxey6@3mjtb.7jj
152,傅咐贤,"2022-10-04 08:06:38",dqvwncpjp1@xvubu.gig
153,董令怨,"2022-10-04 08:03:04",fpqskbik4f@mjuiz.ko8
154,韩盔,"2022-10-04 08:03:17",nntgpoltwv@7m9n1.nfh
155,吴竖,"2022-10-04 08:00:04",9t5p4v7n0p@0yud4.cko
156,钟皑,"2022-10-04 08:06:24",lba0vzznbk@j0dxu.wmq
157,范驭,"2022-10-04 08:04:39",famp0qt57n@nfzhy.ds7
158,段虚,"2022-10-04 08:02:04",jlybhshq5u@5igzn.uog
159,廖械,"2022-10-04 08:02:30",mftw5zk8cx@ztb5c.ljo
160,夏烹干,"2022-10-04 08:02:52",vni0hvnyeq@vspnu.sqh
161,阎翠蜒,"2022-10-04 07:59:16",y4ogapounw@iartz.hc0
162,姚奠亿,"2022-10-04 08:00:10",xodvfyahlx@radwe.oby
163,韩烧,"2022-10-04 08:01:07",jdygw3hqey@kefsd.blz
164,於寻陋,"2022-10-04 08:04:42",qf65m1jtgf@nyvqa.h1z
165,郑馅,"2022-10-04 07:58:53",lxavvxrrub@vx8gm.atu
166,蔡婴,"2022-10-04 08:02:35",uyj8fxnznj@w84tp.qav
167,苏宋幸,"2022-10-04 08:06:34",jjfrv1bq17@1my4m.kmc
168,侯臀瓢,"2022-10-04 08:03:38",p8lq5ainvl@rzzzm.vvr
169,孔滞,"2022-10-04 08:02:06",rlkfl8rbj3@2wglt.yck
170,雷肋熟,"2022-10-04 07:59:07",gkpfj85ezy@lvuyz.ziv
171,康祈,"2022-10-04 08:05:22",gcxfdbfwyu@my2e7.0nu
172,宇文赏,"2022-10-04 08:05:37",wgpzoy0xhe@nrzsq.c2d
173,郝稻燕,"2022-10-04 07:59:50",bqvy3cge12@lrkvh.rb8
174,李容,"2022-10-04 07:59:22",dhjunhr3jp@sopkr.8xk
175,王辊,"2022-10-04 08:03:34",nv9te6ayjq@xlqec.d4f
176,姚英,"2022-10-04 07:59:19",yj04ea0pno@janry.aod
177,张谎,"2022-10-04 08:04:55",pjkr6xr6xj@phg0o.nky
178,闾丘滨,"2022-10-04 08:02:36",jf7003g7bt@ovskd.fy3
179,余坦其,"2022-10-04 07:58:32",h7hdytal1u@5lome.ogt
180,司马鸯接,"2022-10-04 08:00:29",rlnmsrr08n@kf6i2.v9n
181,曾思铭,"2022-10-04 08:01:49",nwqm0onado@pa3bw.iud
182,鲜于昌辩,"2022-10-04 08:04:36",oy1zk6db5k@bkx2l.zbs
183,宋席幼,"2022-10-04 08:06:05",ktpb1vyve0@v5iox.uhu
184,袁搬,"2022-10-04 07:59:48",hropikms5t@nzoxb.3ux
185,夏侯砷,"2022-10-04 08:00:50",cz5vuxsv52@wunon.yii
186,钟获嗡,"2022-10-04 08:04:13",s8gywtfb4c@v2zcv.wui
187,廖呕挥,"2022-10-04 08:00:10",l3l7w36obh@pkdwd.ngt
188,闾丘吊,"2022-10-04 08:02:58",ydpzouz1e4@fr60y.kxd
189,洪巡,"2022-10-04 08:00:08",w06fr0ppbj@v6ajb.wpt
190,贾撅,"2022-10-04 07:59:49",u3b1jfkeqb@sp2gs.ahy
191,薛教橙,"2022-10-04 08:03:27",w94npb0b9k@qpf71.our
192,白匣贺,"2022-10-04 07:58:49",o41wqilssl@fbg1r.39e
193,潘秋,"2022-10-04 08:02:46",vaj24jqw6m@x9wie.bz1
194,曾囚皇,"2022-10-04 08:03:31",zwfpw11pkd@zrrwz.rl4
195,余鼎,"2022-10-04 08:05:14",egstxtdrul@oa8sy.wfz
196,夏付,"2022-10-04 08:02:26",a1zaxk8ryu@dx3aq.mlb
197,左丘泰穗,"2022-10-04 08:03:27",pvvmptwapc@iffbz.0ui
198,左丘限经,"2022-10-04 08:06:43",aupe8chp9q@qu7wr.lte
199,赵辈,"2022-10-04 08:00:42",k1xdoktgos@hr2qb.o1l
200,令狐纹,"2022-10-04 08:05:30",bibaytuvqi@5z21w.nws
201,赵赁,"2022-10-04 07:59:35",9n6jkgglqr@gqnyk.j3y
202,方产,"2022-10-04 08:00:28",ifxt7heeja@uvsoo.jdc
203,阎谁,"2022-10-04 08:01:52",ncywqlcphi@zcjol.0v1
204,黄绷别,"2022-10-04 08:04:32",lfvijkat5s@i412n.ie5
205,严蔷但,"2022-10-04 08:04:35",kgkhrfn7ca@i5nik.nau
206,林梅磅,"2022-10-04 08:06:37",xic36iadtz@3al2l.sws
207,罗数,"2022-10-04 08:04:45",pdgp1vxbky@2nkqj.pks
208,杜南擒,"2022-10-04 08:02:53",gywm5tb5ez@neae9.kkt
209,李揖,"2022-10-04 08:00:11",qp5bzzqycp@i6rjq.xg7
210,钱失,"2022-10-04 08:00:39",ftetgeqxz2@fcjxl.lon
211,陆庙舜,"2022-10-04 07:58:40",alny1gfdc9@bzpr2.8jh
212,姚溪,"2022-10-04 08:02:33",egas9o9jlq@5cm5y.ajc
213,贾寓淑,"2022-10-04 08:04:26",kdfyujmur6@uyngt.7ml
214,司马虞,"2022-10-04 07:58:47",1za2xb0vxo@4hcgi.m9u
215,鲜于磋刮,"2022-10-04 08:06:38",tcbfcoxthf@4ei38.7k1
216,曾潜沟,"2022-10-04 08:02:04",jgvxy6o0r2@xwem3.pun
217,戴嗡,"2022-10-04 08:05:17",kqsfeehor3@loasj.3rl
218,独孤想,"2022-10-04 08:03:31",idlafi29k5@u6qqc.omu
219,龙璃,"2022-10-04 08:01:18",vpas5dmxro@glmt2.cdk
220,夏侯萨兢,"2022-10-04 08:00:05",ia7z2oy7cy@finth.01a
221,公孙者怂,"2022-10-04 08:02:11",f4oxbtbf7g@g2cem.rbk
222,令狐揉,"2022-10-04 08:04:32",2mdxpxaxnq@wjs9l.d5x
223,司马惑,"2022-10-04 08:02:11",adwiqxk22u@z7csz.snk
224,袁单,"2022-10-04 08:06:36",lzyfsqqfwq@3anku.6sj
225,袁伟氏,"2022-10-04 08:03:52",kfvpwujg5f@rx1nh.cth
226,白牌,"2022-10-04 08:00:18",9lzrniduf6@fa1sn.nwf
227,邹伸绦,"2022-10-04 07:59:43",jntkhoa2hk@oe4vm.iml
228,林微,"2022-10-04 07:59:41",tsnwbgmhqk@fe8gl.jwu
229,蔡剂,"2022-10-04 08:04:59",kqaxpixwup@4qxmm.ijw
230,夏侯霓择,"2022-10-04 08:01:03",8d3mkglaha@hqiom.mru
231,东方碴,"2022-10-04 07:59:56",tbnbn1xopq@nqqdo.ghj
232,阎陆,"2022-10-04 07:58:33",q1yvs0zdpr@uqv1s.pvd
233,萧忍,"2022-10-04 08:06:49",r6flj1jhyj@3zsgm.kvh
234,东方镐拔,"2022-10-04 08:02:46",6ogqee7xtw@ilq42.unw
235,孟壬磨,"2022-10-04 08:00:37",bvrwq0xrf7@urhhg.zte
236,王避白,"2022-10-04 08:03:16",jsrj2zjol9@aosky.a8f
237,毛中使,"2022-10-04 08:05:22",btvydfywtq@dtkzn.c93
238,令狐惺矾,"2022-10-04 07:59:59",vqeqfdu2zk@efvbc.w7e
239,陆溅,"2022-10-04 08:06:12",obvk3xamhz@kjuvr.gj3
240,谭茎佣,"2022-10-04 07:58:52",7snyexzm8f@4j6ou.14r
241,许堤,"2022-10-04 08:01:02",xbqlibzkuo@tfle7.xka
242,薛乳腕,"2022-10-04 08:06:17",knzqbphalt@phzxh.4il
243,潘舆,"2022-10-04 08:02:48",r2ndgjenyl@owbq1.ox8
244,魏笋,"2022-10-04 08:05:07",fd5vkwbogl@x2y7n.cjo
245,戴掌,"2022-10-04 08:01:19",fm3ms0ysip@e0mxc.oac
246,马腹狂,"2022-10-04 07:59:32",3lblqd7pol@rtf5e.ptt
247,郝瘸,"2022-10-04 08:01:04",hqvhgingca@exqwz.w7w
248,东方洗缺,"2022-10-04 08:03:51",br3jgyrf7l@jq3wr.kv0
249,范冕围,"2022-10-04 08:03:59",bsdhqgfgvl@0khs2.h8k
250,贾嘎咕,"2022-10-04 08:03:46",2jpwlqazxf@wqojo.2hj
251,孟岁蝶,"2022-10-04 08:00:22",trdygj3cal@fzpvg.dqe
252,夏侯琅,"2022-10-04 08:03:36",ioa8asbcaz@03vzh.rup
253,卢缨戌,"2022-10-04 08:00:45",hhijwkdzgu@m6gi4.qpa
254,武层,"2022-10-04 08:00:55",g5d2tqbike@foiw7.m2w
255,马湾试,"2022-10-04 07:59:03",iptbutbonp@covf9.edq
256,徐敲,"2022-10-04 08:03:57",cyfk6jjgfd@wytyk.ogp
257,廖面,"2022-10-04 08:00:36",0cyzzumdxi@a1dge.7tp
258,钟掘监,"2022-10-04 08:00:37",9xi3adlw4b@baa2o.435
259,熊囱,"2022-10-04 08:03:54",dbgiqfycge@jx4ei.66z
260,崔缨免,"2022-10-04 08:05:21",iwthnr4ujn@rklty.49j
261,金贩坦,"2022-10-04 07:59:40",518mz6ymhz@txm9g.kth
262,丁嗽,"2022-10-04 08:06:44",za2wrgscnm@bskwf.47a
263,马抬,"2022-10-04 08:01:15",vktas9lm6f@ssjd9.g0a
264,康耻,"2022-10-04 07:59:52",vu1x9lybfc@w4jfd.ygq
265,陆讯,"2022-10-04 08:00:52",256lxdj8qz@p4xez.b30
266,孟挫绅,"2022-10-04 07:58:34",aebm4kgcte@yemnh.emo
267,汪择姻,"2022-10-04 08:03:48",qdjavdddel@tiyvd.p4y
268,牛锌,"2022-10-04 08:05:22",6n8kgslrqt@vjzmt.5nw
269,夏蛀递,"2022-10-04 08:01:16",p5webo95qy@ofrk1.e2l
270,孟农棚,"2022-10-04 08:06:18",ilpu8lsouq@nebak.smj
271,卢抵姚,"2022-10-04 07:59:11",7ffwnaxfgg@7oip7.gge
272,史吞,"2022-10-04 08:05:27",6vfyw41vuo@fuo5l.5uy
273,田崩食,"2022-10-04 08:05:42",ttluegos5v@ooi4r.o46
274,吴蘑圃,"2022-10-04 08:02:00",wosdhnaczj@mobyl.qyn
275,石顺,"2022-10-04 08:02:41",cwbdpqflrj@y1mcz.wm2
276,孙阅,"2022-10-04 08:01:50",s5c2ykirck@kt5ah.aa2
277,夏侯稗烟,"2022-10-04 08:03:59",vhjhedoqql@okwzj.uoy
278,熊蛤,"2022-10-04 08:06:16",6aepmzu9ol@xszyg.sha
279,丁澎,"2022-10-04 07:58:42",eyupiwajfs@l9def.zqr
280,段瑰铁,"2022-10-04 07:58:41",wbxojjbbgj@rdlww.nuo
281,宇文氨疲,"2022-10-04 08:06:12",ptpqn4xppf@crcqh.r2u
282,韩泞,"2022-10-04 08:05:16",lcatr6f3wj@z6pfw.xa8
283,彭驰,"2022-10-04 08:02:16",v2d5vpokjy@oh1v9.iud
284,施露擎,"2022-10-04 07:58:47",nvy06gkpje@rpsqu.5ay
285,皇甫嗽深,"2022-10-04 08:01:19",zbfibmcst5@juzpg.im2
286,白下,"2022-10-04 08:01:28",eijgxqmv6b@suvoo.cc0
287,彭就认,"2022-10-04 08:06:37",mmm0ymxae1@scy3j.5ud
288,林贼胯,"2022-10-04 08:01:58",dpo3heaybl@j1jxc.mlf
289,毛别钱,"2022-10-04 07:58:42",guwqpn65mm@ptnib.2tx
290,上官峨穗,"2022-10-04 08:02:21",sxyv3sm9un@voyy0.rd3
291,顾薪,"2022-10-04 08:05:29",hdmeygr9k0@2vons.xy8
292,慕容檀骗,"2022-10-04 08:05:48",dhsp9da0gv@lzmww.gfm
293,徐夯,"2022-10-04 07:59:47",rmkbqnezci@bdfzj.ugi
294,谭剐,"2022-10-04 08:03:05",yvxsc3nqva@njakb.n4g
295,林铣,"2022-10-04 08:02:57",uhngpxbp3n@bdr8g.tql
296,皇甫忱,"2022-10-04 07:58:51",vsh6l8dypk@lb19j.gz2
297,罗悄抨,"2022-10-04 08:05:18",cpnnewuluu@gxsqx.npr
298,萧钳,"2022-10-04 08:00:08",z3gwux9zfb@xi9u8.9hu
299,韦簧,"2022-10-04 08:00:18",ix3frgbvdo@rk7zh.5jq
300,贾椿间,"2022-10-04 08:01:02",odgekeun43@4m1b5.nnv
301,黄店净,"2022-10-04 08:04:01",1o7miknbmh@gtjn3.yrf
302,罗发洁,"2022-10-04 08:03:49",vacgayt98c@x0mmk.9r7
303,何讽熏,"2022-10-04 07:59:56",pj9tnwshhw@1rner.35f
304,赵鲸孙,"2022-10-04 08:05:05",6cxbeibdrp@xvszk.zbz
305,邓抄,"2022-10-04 07:59:07",tyyzbbwctr@ydsv1.2pg
306,吕瞎粥,"2022-10-04 08:04:58",higilfrlqb@nwbnt.jdf
307,邹忧,"2022-10-04 08:03:05",e99dwvfqoc@h4vaf.cdv
308,东方耿,"2022-10-04 08:06:13",5ehowc6osm@tukdu.x3r
309,丁大,"2022-10-04 08:03:02",bjdwz4xsmp@y8koe.tjm
310,郝贪胰,"2022-10-04 07:59:15",pjej59mxv1@pltwb.tej
311,卢嗡泵,"2022-10-04 08:00:29",pxyjnnsfbp@1fxbi.poe
312,施苍,"2022-10-04 08:00:40",4dcbfvwxhm@8ao6y.jjs
313,贺哟掠,"2022-10-04 08:01:25",yx2kf45aue@bwjxm.rnu
314,杨拭,"2022-10-04 07:59:28",twcfhor8vk@lf6qw.hzn
315,钟跃,"2022-10-04 08:04:08",dsovdk4ujm@rj8bv.nr9
316,郑妈断,"2022-10-04 08:02:58",p7tuyryjap@emza3.gzl
317,苏鸭,"2022-10-04 08:02:33",dizbidedl9@cpi03.onq
318,陆仁渤,"2022-10-04 08:06:20",lgkpnl7lng@c4jx4.5bw
319,康职,"2022-10-04 07:59:07",mlvedzw5ly@tc1vc.udf
320,夏来,"2022-10-04 08:01:18",p5gaecwawh@2po14.iwy
321,蒋我触,"2022-10-04 07:58:50",l8wij90uti@rekev.bmw
322,姚师琶,"2022-10-04 08:01:58",crev5od6f4@j49iv.inj
323,毛搭,"2022-10-04 08:01:51",rr3jnxkedx@0ogtk.r2f
324,诸葛守环,"2022-10-04 08:02:21",z4vvgcah4q@i3c95.ece
325,韦诌,"2022-10-04 08:03:30",iadxpopz3l@lx0uw.lwu
326,朱本,"2022-10-04 07:58:49",krgqu9ird6@mq3zk.uwb
327,常静,"2022-10-04 08:05:45",ydkeoefnlp@75uq0.crh
328,轩辕儒彩,"2022-10-04 08:00:11",tjqj0dudio@yogw1.a3r
329,宋蔫壬,"2022-10-04 08:04:13",bualmh5dg6@vftw0.le1
330,尉迟硒,"2022-10-04 08:03:30",jr0zd640jm@yqgax.unv
331,郝段,"2022-10-04 07:59:26",zaoyxvhjw9@4ffsu.rnn
332,毛芹,"2022-10-04 08:05:10",vt5td1ksne@zndvl.bsz
333,周搔椿,"2022-10-04 07:59:26",ux7zxkqppt@z24jg.uiy
334,郭寡,"2022-10-04 08:02:51",ekhk5h1hrg@dyp2x.fqy
335,曾塘,"2022-10-04 08:00:22",uiefwonicv@gvkkp.tol
336,程拾扮,"2022-10-04 08:03:43",jjdm4yfzda@pwpza.h6o
337,尉迟肤支,"2022-10-04 08:01:08",rgsy5yjuqq@mhf0e.ncg
338,龚呵,"2022-10-04 08:04:28",lv2bwqjicm@uxlhe.bap
339,袁押,"2022-10-04 07:58:58",2e5rjklnph@19kxh.acu
340,吴圈惭,"2022-10-04 07:59:11",e9i2g7pns6@qcsla.os7
341,宇文邵惊,"2022-10-04 08:04:55",0rcmfurhp2@sckf9.6jg
342,严靠使,"2022-10-04 08:03:53",s1mow5evej@znhfy.pvh
343,孔惯韭,"2022-10-04 07:58:43",gonc5ebplb@trdjt.uje
344,常俺毛,"2022-10-04 08:03:01",sbmgqs8fbz@kgxow.ugl
345,薛币股,"2022-10-04 08:05:00",kb1xmmoddg@fafhs.07l
346,韩较,"2022-10-04 08:03:38",gxw5i6kso4@w9gn2.amf
347,孙窜,"2022-10-04 08:02:03",sysjhayc2e@ldh2j.xbz
348,傅矮憨,"2022-10-04 08:03:52",jrxu7axqbx@ahke6.ew4
349,马帘孺,"2022-10-04 08:03:17",08aykfc3zi@a7njb.af5
350,洪搔袒,"2022-10-04 08:04:06",cejgfqb3rc@vaevf.wzz
351,薛雄曰,"2022-10-04 07:58:39",pcgrnikvfw@gurha.gu4
352,侯另佛,"2022-10-04 08:06:32",f646ed4azf@xkhvf.aog
353,张吴,"2022-10-04 08:01:26",qdwlgycax0@dubwn.zua
354,独孤溉,"2022-10-04 08:03:21",dqi78kwxf2@gnqsp.h66
355,史鼠琉,"2022-10-04 08:00:09",epqtrm7t5e@i17ju.oda
356,刘涪,"2022-10-04 08:05:49",hp9qte0b8s@gokky.fpw
357,段硅染,"2022-10-04 07:59:59",8fctdkzrjc@tnpkb.tp1
358,鲜于烈娟,"2022-10-04 08:01:52",dqkwqimbo3@rxiia.npr
359,蔡钉闭,"2022-10-04 07:59:23",q2gf1r7pgo@meqgp.rht
360,徐雾吐,"2022-10-04 08:03:19",ofecpwmoqh@quzvt.wid
361,秦仆媚,"2022-10-04 08:00:51",wq5pa1rei6@putkq.63j
362,张躇搬,"2022-10-04 08:00:00",7dt2xjsumr@avtik.1qa
363,陆德征,"2022-10-04 08:04:03",ktopixtbdt@5v6pm.g6g
364,薛晰境,"2022-10-04 08:01:33",rn6mpculty@udg5g.pau
365,沈赋紊,"2022-10-04 08:04:02",ys4w8lgqgt@vkpdm.d2u
366,皇甫娩伤,"2022-10-04 07:59:08",6vtw9km5he@ccydf.sxo
367,西门圣,"2022-10-04 08:04:26",41puf958o6@l7vct.gmx
368,徐结,"2022-10-04 08:04:50",2yaxhv3rem@tau5b.4su
369,梁娥,"2022-10-04 08:06:11",laci2e79kj@k1ieb.f1o
370,董跺啊,"2022-10-04 08:02:33",1myphbykin@vm1pp.rlz
371,彭茫,"2022-10-04 07:58:42",7fotsuqlib@emeee.3ap
372,袁抡杜,"2022-10-04 08:05:43",ebawgjdymd@a8ssa.shs
373,轩辕仟征,"2022-10-04 07:59:41",ktwikcfdze@fkpic.xg0
374,吕竟,"2022-10-04 08:00:14",wb9xl8ngwb@rjymd.ess
375,彭契,"2022-10-04 08:02:10",ufcm2x0xmo@brjoe.c4l
376,邵冤,"2022-10-04 08:03:21",cewn1nbs0l@kr9or.yc8
377,彭酚皇,"2022-10-04 08:03:13",bjebbk6n5g@phbkh.gio
378,严憾,"2022-10-04 07:59:24",plnecccb2u@ck749.zje
379,阎挖,"2022-10-04 08:03:04",e7pxtjobgh@ech7h.ia3
380,阎晕期,"2022-10-04 08:02:09",nyzmoba3yf@oenoi.1hn
381,郝燥懒,"2022-10-04 08:02:11",cooofdgtvk@m21vz.a4m
382,叶留隆,"2022-10-04 08:02:01",rh45o1elof@lxm9l.4v6
383,郭链镑,"2022-10-04 08:06:16",nyay8wosth@pntgo.p9b
384,高戒,"2022-10-04 08:03:53",q2maytyqe0@wwmlo.3hq
385,邹菠,"2022-10-04 08:02:52",al5qyntaeo@cibgq.xjb
386,孔鬼摩,"2022-10-04 08:00:01",ifpdjtk3dt@vg7pb.qst
387,孔喧铡,"2022-10-04 08:00:35",v7dimvooqp@4x7ea.s8z
388,金搭止,"2022-10-04 08:03:58",za73vt7bhc@ywdy3.dxq
389,顾兽九,"2022-10-04 08:00:52",gxvxpkdl0j@p9hdv.vwo
390,西门喂落,"2022-10-04 08:00:48",h6atuav9zp@nka1a.pkb
391,罗散,"2022-10-04 08:01:24",fodwwyfbis@lx6dm.xpu
392,姜姜滔,"2022-10-04 07:59:17",k1q19ppzfp@pyjug.hdu
393,钟啃常,"2022-10-04 08:05:28",dfypjr4ycx@l15iv.1hl
394,韦失,"2022-10-04 08:00:36",pmvv5cfgpr@pksir.5yn
395,钟废,"2022-10-04 07:59:04",luahcwdh1u@dr9fc.hjt
396,郑峙,"2022-10-04 08:00:07",jj1wuvc0le@nm44p.n8x
397,闾丘俊,"2022-10-04 08:03:17",lmt5ey4um4@rjode.sgc
398,宇文皱,"2022-10-04 08:05:28",85v8hcyax3@njouk.xxq
399,廖哨襄,"2022-10-04 08:03:27",qunjj4kjrk@o1mck.ehj
400,任面,"2022-10-04 08:03:01",cor4nqnrvd@richa.23x
401,薛鉴玖,"2022-10-04 08:04:49",olahm8dsxg@evsut.igb
402,任闸,"2022-10-04 07:58:35",4zc0qhz5aw@d9xoq.re8
403,龙洞,"2022-10-04 07:58:51",2txxa8y2pf@xywlk.fhs
404,鲜于狮帛,"2022-10-04 07:59:01",bspzouaa4x@aniy3.yft
405,钱黍,"2022-10-04 08:02:57",zdvowo1ild@kxe6w.cms
406,叶湘,"2022-10-04 07:59:55",4ahuzu1gjq@ur6be.ulp
407,范廖,"2022-10-04 08:00:21",qbip5qvggq@nx8ug.qn6
408,吴泽,"2022-10-04 08:03:35",hpka8u0vif@tudpz.0jw
409,贾妇,"2022-10-04 08:00:35",a6opuh3agq@qxogn.yev
410,侯寿,"2022-10-04 07:59:05",6lif10j0jf@vgw29.zfa
411,吕喘,"2022-10-04 08:01:08",d2o4mbxyya@oqiwn.hyl
412,鲜于籍,"2022-10-04 08:05:15",g0mgfjzdwx@ep0cp.fit
413,常杉僵,"2022-10-04 08:02:41",id3criby8t@k7ri3.qa0
414,吕哦,"2022-10-04 08:06:19",lythkzxiid@sdfeq.tng
415,丁舞,"2022-10-04 08:02:33",guuegz6ovt@hcaul.42r
416,曹衫,"2022-10-04 08:00:09",oosajcx4wq@bvjct.u4i
417,崔臆,"2022-10-04 08:00:56",vkjf6qnb7d@hai0r.oj4
418,上官眶,"2022-10-04 08:03:49",q6gdcizhdb@cghtx.1ui
419,施辩惩,"2022-10-04 08:04:42",6r3oydnpkx@lbs8y.djn
420,侯细,"2022-10-04 08:03:06",hb0f9mbeah@ihufo.fo8
421,邱橙息,"2022-10-04 08:01:19",5bvgwifgsh@smfpl.aq5
422,秦喧咒,"2022-10-04 08:03:22",s4xqxsgzhd@dothd.bzk
423,史绘描,"2022-10-04 08:04:09",jyb2qxhres@pd7x4.c9l
424,公孙辱烙,"2022-10-04 08:04:29",a7lk9ha3mb@caj8h.ngo
425,孟柬馈,"2022-10-04 08:02:11",7gfuck45io@ci9m8.oql
426,杨敬,"2022-10-04 07:59:20",dav6qeme1w@8hpkv.bun
427,谢痉,"2022-10-04 07:59:26",hkaumqiiaz@vakf3.z2t
428,梁敌,"2022-10-04 07:59:42",3ukszjdq4y@tenbs.g6x
429,汪患,"2022-10-04 07:59:57",onvkgriqdz@p47iv.zmd
430,张篷审,"2022-10-04 08:02:52",gpyxgulqel@lrr9f.e8h
431,白黑咬,"2022-10-04 08:05:58",lcvfmcrldo@ssttr.jex
432,冯蛤,"2022-10-04 08:00:57",257ioqsjdj@2yqlz.csv
433,钱晤,"2022-10-04 08:03:50",sdvanbmwlg@sdqy4.tgt
434,郝禄姻,"2022-10-04 08:06:20",mox5aknl8j@ohq6s.h91
435,丁韧,"2022-10-04 08:03:21",6k70lai12d@tbkyj.45j
436,孟湍兴,"2022-10-04 08:04:39",axnzyto0hl@gnqxc.yxe
437,崔灯,"2022-10-04 08:00:05",no2ktdmabd@gs9wt.njq
438,顾疹往,"2022-10-04 08:03:04",gowqlvcosp@bxfrp.v2i
439,廖位烫,"2022-10-04 08:04:03",ja39q3um5z@gqqjm.ojn
440,施逢磐,"2022-10-04 08:02:18",v5ffltdo00@7ho2m.z6z
441,曾畦律,"2022-10-04 08:02:53",df5ws2lelk@wgb1x.dea
442,郑诵汗,"2022-10-04 08:05:05",hetbsr9txh@qtunl.yhn
443,叶荤,"2022-10-04 07:59:32",hdk3qi2z2f@bvz5j.y75
444,鲜于道撒,"2022-10-04 08:02:52",gs8dgxpgv4@8945g.jyi
445,白搀沙,"2022-10-04 08:02:11",lqgrmd8exk@rahfn.o0t
446,钟值亭,"2022-10-04 08:04:58",rcsatkupiq@vwmxe.qpf
447,何笆,"2022-10-04 07:59:19",sfmgq5ne6n@grjnd.3sc
448,曾肠晒,"2022-10-04 08:04:26",ehztztsbb3@mz0ku.zwd
449,韩乃语,"2022-10-04 08:00:37",vobriaikhd@sph67.15n
450,彭敌,"2022-10-04 08:04:08",qgeg9j3r5a@eldjp.9lu
451,卢给朗,"2022-10-04 08:00:57",ageejgakmc@7fbem.phd
452,袁碱,"2022-10-04 08:06:19",01sunalnny@xqbiv.dtr
453,卢拨,"2022-10-04 08:04:21",r22qhit1du@4xsnn.rv4
454,王稿烟,"2022-10-04 08:03:14",idjnkchdfi@qgqgt.cli
455,鲜于毕浦,"2022-10-04 08:00:11",lwsdwnrbmp@n5yzk.trc
456,夏撵耙,"2022-10-04 08:01:35",u8okzvzejv@mrbin.np0
457,袁乎麻,"2022-10-04 08:00:33",jgyklvnjxe@ev1xf.34y
458,常豢,"2022-10-04 08:06:09",opc9darf3d@gkgox.lqb
459,钟怯册,"2022-10-04 08:02:12",pqjhosu1fo@bqt7u.3z5
460,陆菜赢,"2022-10-04 07:59:06",itfirdakuy@9zisj.e17
461,薛补,"2022-10-04 08:06:02",ysmaeoazmc@dn18p.ubn
462,段艰,"2022-10-04 08:06:13",ynlvzgzbt1@mnmjq.2vs
463,轩辕疤妈,"2022-10-04 07:58:39",rgisq9uqi6@rvznf.3tp
464,江血林,"2022-10-04 08:05:44",hbdgmvfh6x@egyzk.vay
465,秦厩詹,"2022-10-04 08:01:06",ojrb4314gk@pff7s.itl
466,张乍,"2022-10-04 08:02:52",ziqxog93sl@bzto5.2ix
467,孟幼,"2022-10-04 08:01:12",auradx8bkv@ll8n7.mto
468,汪廊情,"2022-10-04 08:03:51",ghyg9zerso@mwtil.c4r
469,马葫,"2022-10-04 08:05:01",oxqjqh2blq@i4l8e.5br
470,魏撂舰,"2022-10-04 07:59:55",ab5zwlrbax@jrgm3.3ug
471,牛观,"2022-10-04 08:02:27",mmg67tw06e@f5yq2.qdo
472,常章,"2022-10-04 08:00:40",1rm0xzvh35@eswu5.ryk
473,彭廉,"2022-10-04 07:58:52",robnyjvk5o@yi3fv.ado
474,林聪,"2022-10-04 08:06:14",t0g9ngxss1@wcnxx.pup
475,上官民星,"2022-10-04 08:05:32",hlskvnpmjg@auvyn.bjq
476,牛谚,"2022-10-04 07:59:39",drxu1ruesj@myn5h.tpx
477,严蛇,"2022-10-04 08:02:21",rovdc3swd0@reu7r.2r6
478,毛偿京,"2022-10-04 08:03:16",h4bzmwywrl@ozlpd.0lj
479,常辙,"2022-10-04 08:04:21",wzapprxesq@eijyw.yza
480,邵苯,"2022-10-04 08:06:26",ck5uo0zst3@7qjg8.1jk
481,周设,"2022-10-04 08:02:56",iuiqicpsdh@sien7.fde
482,於赡,"2022-10-04 08:00:18",fc7xyu3qx9@xam8l.pgy
483,黄没,"2022-10-04 08:04:22",1clvqhdw8n@2bxab.eqz
484,谢拥,"2022-10-04 08:04:03",u8flbtfmlt@dmhlb.rx8
485,尹皆,"2022-10-04 08:04:10",wgdul00tvi@29thw.0q9
486,钟鲍惟,"2022-10-04 08:04:18",ugqfcdtk9i@6dnu8.sbn
487,独孤嗽志,"2022-10-04 07:59:54",jnsy8mjtgt@5sybv.l7t
488,常唬蹿,"2022-10-04 08:03:21",hqwbivhqhk@gcftt.7yd
489,姚白轻,"2022-10-04 08:02:07",c3gkj1r5sm@94vc3.tuu
490,许峨戍,"2022-10-04 08:02:41",zw8lwhpkgd@s7ak4.3by
491,慕容渣,"2022-10-04 07:59:53",vllooaij0w@uissn.cex
492,魏拯,"2022-10-04 08:03:11",98lasmd6hc@o55sg.yqg
493,邵美,"2022-10-04 08:00:17",hhi8zhqwss@2bnqw.noi
494,鲜于朝,"2022-10-04 08:00:18",kboivysrub@qho7y.kne
495,邱兄么,"2022-10-04 08:02:10",ds7skkpcvs@uzwez.2ac
496,夏锑彪,"2022-10-04 08:04:04",0vonudubv3@xys8m.p7j
497,秦萍证,"2022-10-04 08:02:40",ntzv6lepwp@nonyl.gk3
498,戴敷,"2022-10-04 08:01:58",rtyzgkojmz@nvr9m.bie
499,段潜沮,"2022-10-04 07:59:00",n75uls7mwn@nenbg.zv6
500,司马跟羊,"2022-10-04 08:05:04",unfmuz8yzc@lzw0a.dbr
501,金叶房,"2022-10-04 08:02:21",ncpzd4cf5r@ykdvo.57p
502,侯式胚,"2022-10-04 07:58:55",qzweayyx0r@3lese.q9a
503,陈遂,"2022-10-04 08:00:10",hq3fupg9kd@dtaz1.cjg
504,许坡,"2022-10-04 08:03:15",k6vwk8kyup@euwxd.yrn
505,皇甫删,"2022-10-04 08:04:01",tifbjzhqrx@aj5us.wze
506,龙赶,"2022-10-04 08:01:38",wtdi1z4fup@yy2j2.cdp
507,牛瞩,"2022-10-04 08:04:52",7hfrzydwvu@btvp3.uii
508,牛曼哨,"2022-10-04 08:06:41",y0jesx8trw@yb1rg.0y6
509,朱芯,"2022-10-04 08:04:30",6i7dkc3v2g@8gew9.wiq
510,丁羞刷,"2022-10-04 08:03:08",bifbnt2xbn@iqvgp.pih
511,诸葛朋萧,"2022-10-04 08:04:24",epbcc9y9xw@klhmg.yep
512,贾钢,"2022-10-04 08:05:16",helddwztev@qhuc7.smn
513,秦署,"2022-10-04 08:03:22",yjqub8zejk@7e4wa.eie
514,慕容躲,"2022-10-04 08:05:37",lqrkenxzxz@raxp6.xog
515,钟迟毒,"2022-10-04 08:00:37",nksvexvfku@qjf4r.mgi
516,杜锡,"2022-10-04 08:05:09",k8uukqwe3a@vcmlp.io5
517,东方窝士,"2022-10-04 08:06:15",trlmgmstwb@ipjlv.3th
518,邓语,"2022-10-04 08:06:45",xu5jrgbe9b@xexul.4si
519,张秧攫,"2022-10-04 08:02:04",p87l0wyjsi@idqek.mdy
520,左丘杖,"2022-10-04 08:04:13",2fzedjrnwr@qyuil.iyb
521,傅尹,"2022-10-04 08:00:44",brjfy6wk1x@ossfv.86r
522,秦邓终,"2022-10-04 08:01:04",9tf36wdqaa@7gjqr.w0x
523,杨议,"2022-10-04 08:05:04",zky1k5rnf1@5pauw.kzr
524,汪底,"2022-10-04 08:02:46",xhbsq2axik@obr5b.so5
525,姚酸美,"2022-10-04 08:04:25",qihx9bc7uw@npks9.wzd
526,左丘七,"2022-10-04 08:03:28",qu1sqaoagt@cr13z.pqj
527,公孙雁,"2022-10-04 08:06:11",fmvltno1dv@opsgh.aww
528,康生斜,"2022-10-04 08:03:10",bfrmp4iddr@pxzsp.ddc
529,牛骗,"2022-10-04 08:02:47",7b9ghqw05f@blrwb.eyx
530,贾锡掣,"2022-10-04 08:04:06",eimewntrpy@cka7n.6cn
531,汪壤,"2022-10-04 08:03:34",mqv0zmnemi@ajof0.3zm
532,白绒亦,"2022-10-04 07:58:32",orpumecosf@2xnnp.e4n
533,朱嗽簿,"2022-10-04 08:06:34",xzgoai2sgz@s0pqh.mwv
534,武彬,"2022-10-04 08:01:54",awkh7v9ccl@69zxb.o53
535,张撮拟,"2022-10-04 08:00:03",7jyi9q41af@nivls.diy
536,邵赌裹,"2022-10-04 08:06:41",zomey41ix3@fgn9v.50h
537,左丘秩拱,"2022-10-04 08:05:56",aa3le8iw2h@4aiq6.myx
538,王船尉,"2022-10-04 08:01:28",p1yejpwhqg@7tyye.k03
539,郝幅,"2022-10-04 08:01:07",p8ylcd3lqi@g4ww8.4vk
540,常份,"2022-10-04 08:05:12",3wvwdnuawu@nrmtj.hxg
541,贺壹,"2022-10-04 08:00:27",ttlymfnxfy@h9zii.vfy
542,邹堵,"2022-10-04 07:58:59",fars6c24di@oodan.yrf
543,谢润,"2022-10-04 08:01:03",vzcefn5xxo@oer2p.36v
544,令狐刘尚,"2022-10-04 08:02:49",xnodwuzqod@n5f4g.5f1
545,姚蔓,"2022-10-04 07:58:34",ydhxwzqszc@z4nct.f4l
546,张淤枕,"2022-10-04 07:59:51",q96axgydfh@c5ypy.ufu
547,夏虹彦,"2022-10-04 08:04:04",ohdno1vsqg@ktygr.gff
548,马烈,"2022-10-04 07:58:38",6vuxpor6nc@ffrec.xaa
549,侯刁,"2022-10-04 08:04:33",nlrnx9nxfc@lqomh.8us
550,令狐倒,"2022-10-04 08:06:23",m48vp3xday@a2zxn.bjm
551,张眨爱,"2022-10-04 08:05:36",dpcy0fflol@mgxhq.3bk
552,范萝,"2022-10-04 08:06:47",nssp515hra@5lro9.hxe
553,赖巩,"2022-10-04 08:04:14",qxboxihgnk@tecyq.fjs
554,潘角,"2022-10-04 08:01:21",znlvm8fpsh@zkdba.tqj
555,邱萌,"2022-10-04 08:04:04",5b0evehfwv@kmpcl.7mr
556,汪旨淘,"2022-10-04 08:01:51",zhkedpdery@lvkgx.5by
557,周倚,"2022-10-04 08:02:52",kcg8l8mkbb@cmmi1.zqw
558,黄高倚,"2022-10-04 08:04:43",2uralkchki@nwpnz.cf4
559,韦爷,"2022-10-04 08:04:08",fiwnk3aqmb@mniu9.0kw
560,范伐震,"2022-10-04 08:06:33",fohfphduos@4y3gw.jzs
561,毛娘,"2022-10-04 08:06:11",6dogih8dfz@wig5n.xnh
562,慕容整,"2022-10-04 08:00:20",ptmxeilger@y3nx5.zbk
563,万惯陆,"2022-10-04 07:59:37",s7gcxwmk3m@mc4kh.aqe
564,谭匠悬,"2022-10-04 08:02:05",4kfdbh0uik@aihwl.vf8
565,公孙伶茂,"2022-10-04 08:04:31",j4oejmpafn@urqna.a5m
566,沈渤昔,"2022-10-04 08:05:41",lhpwrwrwmr@netnh.vbz
567,冯患,"2022-10-04 08:06:41",mag7sxrzif@utcfn.qwl
568,康廷葫,"2022-10-04 08:00:02",hwncgiepsz@bmrby.pkd
569,邹域,"2022-10-04 08:00:17",9llldjnh4m@jda1b.cis
570,江丹,"2022-10-04 08:05:56",g33sdyagxf@46p4q.ipl
571,洪蝴稍,"2022-10-04 08:01:11",bavkpmscqg@oebxc.6na
572,西门瘦,"2022-10-04 08:03:52",zlp8wgmdbk@ciaax.zwb
573,叶涧,"2022-10-04 07:59:14",ol5fp8dfj7@ecrdr.g8g
574,朱爸韶,"2022-10-04 08:04:36",gnhrgcbd5l@uwlbq.izr
575,赖囱曝,"2022-10-04 07:59:21",crcwmfbb58@nassz.evm
576,韦闽硕,"2022-10-04 08:03:37",xqnpgbpzyg@mbv02.il6
577,江蛙,"2022-10-04 08:00:55",ewm9ashs06@pnqnr.n83
578,皇甫斤,"2022-10-04 08:01:27",u0zfe57xjn@jq2ua.mxq
579,王帐,"2022-10-04 08:00:44",f5lqoukglh@hkr4o.l2w
580,熊拭六,"2022-10-04 07:59:52",t2mzzq8r73@6yt1k.ppk
581,薛养荔,"2022-10-04 08:06:19",stgym8pwab@duygh.peq
582,万搐,"2022-10-04 08:00:35",r5esiz3yuj@pvqxq.pd4
583,唐阳焙,"2022-10-04 08:00:08",exmdoyf4w5@xp7uv.k3x
584,上官贷费,"2022-10-04 08:01:34",qihfgkf2qy@3yjav.ewt
585,石腆,"2022-10-04 08:02:11",5y6zcotnoa@01xij.owg
586,蔡竿豪,"2022-10-04 08:01:13",gnownbtxhp@juqbw.6yz
587,王僻,"2022-10-04 08:05:10",dwrcq7y7dh@lxcm0.cg1
588,傅刽,"2022-10-04 08:05:31",iajwufibcx@sen5z.wa9
589,江控,"2022-10-04 08:02:45",fzmwinyrkt@7vnsh.sjm
590,黄散饿,"2022-10-04 08:00:54",fhsy9wcl8g@qgyiv.ope
591,吴辜揖,"2022-10-04 08:03:52",o1aq96yfx0@lckle.efa
592,郝葛,"2022-10-04 08:06:21",zlau5yzzsi@ecsnb.mnb
593,司马震,"2022-10-04 08:04:15",xbgsgbsegv@mn0fz.ieo
594,许晋,"2022-10-04 08:04:48",pezrbacbcz@v98uj.csq
595,何菜,"2022-10-04 08:04:18",ucpr5wn8a9@2hy5l.jpa
596,沈同澈,"2022-10-04 08:00:12",bz2bh9rhvd@5dr3g.qtg
597,朱怎,"2022-10-04 08:05:53",o8wrkoub32@47qdx.ddn
598,薛铲拍,"2022-10-04 08:06:48",z4zvkidn97@jnd2g.xt2
599,慕容旗贬,"2022-10-04 07:58:41",wugnvtd8gl@agr8y.umt
600,周鬼,"2022-10-04 08:03:32",2plqwgrhrm@hhkyn.dj6
601,刘需,"2022-10-04 08:06:16",1wqe0ykslr@vjnta.jra
602,方里,"2022-10-04 08:03:13",iqj3enzdpp@2eo93.ajq
603,胡钳,"2022-10-04 08:04:28",qprcqta6jw@24wd9.f4u
604,傅努雕,"2022-10-04 08:00:45",iqveybbttb@a6wkb.mcg
605,雷廖现,"2022-10-04 07:59:25",7soffab3oi@7uzgn.wqv
606,史斧搏,"2022-10-04 08:02:39",1bxcjv9hcd@fbb6j.v86
607,余免页,"2022-10-04 07:59:39",fhjzcyt8lj@ahdud.mol
608,叶哮,"2022-10-04 08:06:03",hfyjrab8ld@yreqj.bcw
609,赖谱,"2022-10-04 08:06:02",jy2arlmwjo@ejdjj.tvr
610,钟场豹,"2022-10-04 07:59:27",dabfrby21g@hiywp.gsc
611,袁茹,"2022-10-04 07:58:41",pukmtxz1qn@udth0.uof
612,朱煌,"2022-10-04 08:05:25",vrpkwetutw@f1yfa.lha
613,姜龙,"2022-10-04 08:05:28",9yj0d4rxcl@vxakm.q3i
614,卢瀑诌,"2022-10-04 07:58:38",wkpyldfkme@fjnar.rjs
615,江舌,"2022-10-04 07:59:06",svzz8bwpbm@lq3lf.6sa
616,李采,"2022-10-04 08:05:26",0s09z7frdz@zya4u.psa
617,诸葛葵箭,"2022-10-04 08:02:44",6u4jen6q34@dzqx7.0em
618,潘泳败,"2022-10-04 08:03:51",ru3uryxi8y@ucq0o.wm3
619,沈贿,"2022-10-04 08:06:01",dmgz2shfli@dfqnu.caz
620,钱站败,"2022-10-04 08:01:47",sotouu9u8d@ufqcm.lcf
621,东方佩,"2022-10-04 08:05:02",vbiu6cobn7@cpvrv.6wh
622,高善昔,"2022-10-04 08:01:56",2tpznachmm@mpsee.to6
623,钟名渊,"2022-10-04 08:03:20",sdrbhxfwpm@x6hfk.u3q
624,罗警,"2022-10-04 08:03:15",xxqpwek1yn@glwmo.40s
625,上官履,"2022-10-04 08:01:25",zd3f6eug8d@ebgev.ypu
626,徐差,"2022-10-04 07:59:36",jsovpdtxob@ytpvv.idn
627,东方限刀,"2022-10-04 07:59:00",bgkav3mh0y@tqxbi.v51
628,钱街崩,"2022-10-04 07:58:48",uk1zdrzfzh@ash8z.nvg
629,王洋闽,"2022-10-04 08:01:05",85yrjbz7lz@i1trx.kxn
630,江若茹,"2022-10-04 08:02:32",wyfcfh4ama@uolrs.hzz
631,段巧,"2022-10-04 08:06:38",srzwenb6od@6kiue.1z5
632,许皑历,"2022-10-04 07:59:54",ude4tmohid@q0ytp.p0x
633,孔蓉百,"2022-10-04 08:05:59",f5xuq6ed78@gjsw7.sc9
634,金挪,"2022-10-04 08:03:26",8vs9al7rlz@b44wy.r2y
635,田测单,"2022-10-04 08:01:31",e29lbansmy@fju6r.fba
636,吕棠,"2022-10-04 08:04:36",dourx5uotp@luuhs.ed8
637,袁懒,"2022-10-04 08:03:57",ysluc8wwg7@zcrqh.1qc
638,徐病,"2022-10-04 08:00:11",hdpn3k5mns@vex4t.i3t
639,崔古,"2022-10-04 08:06:48",luowtpva16@ksgwc.3hj
640,郭危焉,"2022-10-04 07:59:39",s1a3f9uqxs@umiou.mhc
641,黄澜,"2022-10-04 08:06:43",tju40xjns2@b9cl8.unr
642,赵霞,"2022-10-04 08:03:58",rw3nax1zzd@tggir.3ih
643,朱躁齐,"2022-10-04 08:04:57",j5ov6dtrjs@pse40.duk
644,程死,"2022-10-04 08:04:20",c8fonzfqyb@4lzfz.dme
645,夏侯康桔,"2022-10-04 08:02:02",ixzvr4jbv1@ypmfw.hrg
646,诸葛粪,"2022-10-04 08:02:59",xsdcsorquv@rupif.2ar
647,贾蜡,"2022-10-04 07:58:32",arhkqsbdp8@rhb4o.mjo
648,龚扛,"2022-10-04 08:03:19",vunnt1eipb@06tpw.fmj
649,孙容坟,"2022-10-04 08:05:48",mu2dkmo2ib@tdqwa.jlg
650,熊纱碑,"2022-10-04 08:03:25",nawpt2camc@dizyn.fbb
651,何伏墓,"2022-10-04 07:58:34",flqcpkjppq@clspu.ggv
652,公孙换,"2022-10-04 08:02:02",gzg3zae2wi@dzuwg.lj8
653,蒋缚,"2022-10-04 07:59:31",zdmjnn3m1e@dlvha.k9h
654,公孙帧,"2022-10-04 08:01:22",i0r6jslxcn@ctaek.k7e
655,丁朵糖,"2022-10-04 08:05:33",vdretgwhdz@uvezx.lor
656,赖滴狮,"2022-10-04 07:59:10",fywu08zhx8@urbkf.ine
657,苏社迭,"2022-10-04 08:06:32",t8jjdzwyoj@j2iob.hsr
658,程磨,"2022-10-04 07:59:45",10w2bjcird@iyqkn.qft
659,傅峪,"2022-10-04 08:03:44",ibcqqi6dxb@vemus.hlk
660,崔肇,"2022-10-04 08:05:57",yzbbjf3uu7@uy9je.lyz
661,孔剩颂,"2022-10-04 08:02:48",qon5c3gb0q@2jth9.fnt
662,黄关,"2022-10-04 08:00:48",omf3c4emys@zz0ig.liz
663,杜军,"2022-10-04 08:00:55",qwabedbfxz@n0kyt.1ez
664,东方槽,"2022-10-04 07:58:56",yuchxns8bu@sirmd.ldd
665,张隆,"2022-10-04 08:02:54",ziroskketl@jbtsr.or5
666,康屋哟,"2022-10-04 07:59:27",go7w8d7vr9@m3atm.upm
667,唐癸谱,"2022-10-04 07:58:50",zh6wkxpt88@rgdxk.hcd
668,邓万折,"2022-10-04 08:04:21",ghpzouxelq@fbms1.rig
669,袁会,"2022-10-04 07:59:32",u8mkddcfvc@5dfwe.ryh
670,廖驭鹅,"2022-10-04 07:59:25",b1epsdlcwu@tlbor.e0e
671,李瘤,"2022-10-04 08:04:20",b82a2vsbcp@6bq2i.gry
672,萧烹,"2022-10-04 08:03:25",io1wjx98fj@uy58x.c0v
673,宇文值仓,"2022-10-04 08:02:52",1oei6pa7uv@wji82.h4t
674,龙斋井,"2022-10-04 08:05:05",zxstcawbmd@exnt6.tqy
675,慕容挚涩,"2022-10-04 08:00:25",utf20yhgrw@wmai9.f8p
676,袁誊,"2022-10-04 08:04:16",spl3u3uylk@sn4rp.tjp
677,朱悉烫,"2022-10-04 08:04:40",zs712e9p2w@op590.zey
678,轩辕灵,"2022-10-04 07:58:40",p0fcq7ayh5@ocvde.481
679,萧谐甚,"2022-10-04 08:06:08",mwu1z1msip@g20d1.ae0
680,牛助惯,"2022-10-04 08:06:42",bemzjzjb1x@pxkrr.jjf
681,施狞,"2022-10-04 08:06:43",xn41meubde@ul14e.dlp
682,段臭,"2022-10-04 08:03:50",unxxhmgeal@xee1i.1tm
683,余扼斟,"2022-10-04 08:01:09",xkr6q8reyv@5hm4u.6ga
684,杨俘,"2022-10-04 07:59:30",oukmc5aqmx@wjwqp.hwr
685,邓富,"2022-10-04 08:05:52",rx802rxozz@0gccv.m0x
686,曾机,"2022-10-04 08:04:51",shf8t0n7pm@7849a.n6y
687,东方汞,"2022-10-04 08:01:58",r9dtjkuqdt@cejys.03d
688,丁耐,"2022-10-04 08:02:52",qfn94jop48@hgahg.u57
689,司马碱,"2022-10-04 08:04:01",jpqjtwtptq@2usz6.qlt
690,孙望巢,"2022-10-04 08:04:10",jro0lrvohk@dxtx5.any
691,余绷,"2022-10-04 07:58:41",tnxjyrsc4c@zectf.4sr
692,徐拼,"2022-10-04 08:03:16",9iwdwogmc9@yyzr6.pdc
693,汪夫,"2022-10-04 08:05:13",sc9t0zz0is@lt2fy.vet
694,薛匠轨,"2022-10-04 08:02:54",lfxiwhbwqn@khfoa.qqw
695,田戎爷,"2022-10-04 08:03:35",cl1tnsawnb@fmm5t.d4p
696,令狐茬,"2022-10-04 08:01:24",biroxdfwbj@k2oiu.pre
697,张邢,"2022-10-04 07:59:33",08aedpcmmx@1xvtk.xrm
698,赖偏鸥,"2022-10-04 07:58:53",cj3cn1a4ef@fixal.bki
699,马倚索,"2022-10-04 08:00:54",wfhusitho9@fhotd.xym
700,施心,"2022-10-04 08:05:50",jwwdazis4p@sakuh.rzo
701,孔永,"2022-10-04 08:00:34",upuxttspxw@fd6tm.aio
702,田蠕烯,"2022-10-04 07:59:03",3panf2kibr@5ubij.gpr
703,王包颗,"2022-10-04 08:00:42",mijqozl0zj@anoei.p3d
704,姜冻淌,"2022-10-04 08:02:50",k60conbqi4@ylqk6.k43
705,马谢,"2022-10-04 08:00:35",aitmiqieig@ae1pl.xik
706,闾丘紧,"2022-10-04 08:02:17",rs231fc6u2@kbkhc.ejp
707,顾赛婉,"2022-10-04 08:00:26",l53viczyw0@rt0rd.t8x
708,徐乌,"2022-10-04 08:04:39",q5drgjnpbt@vhgtx.yip
709,何狈,"2022-10-04 08:03:35",6vdrudqqvw@r30d5.lyi
710,武乍,"2022-10-04 08:01:38",sdhwqvcqbs@1cb9i.tkv
711,夏侯膨藻,"2022-10-04 08:04:00",1yr5mm7o2q@68vvg.nkf
712,曹鸥,"2022-10-04 08:00:19",da9uwgynn0@ymxyi.n4y
713,刘冲,"2022-10-04 08:00:12",db7v1fw2fz@81k14.kfn
714,谭驮,"2022-10-04 08:02:51",rbpwej84o0@kgv92.xbp
715,严牧,"2022-10-04 08:04:05",tgzmbawyot@ns92h.aup
716,康脉睁,"2022-10-04 08:03:48",foo1ytwzsz@p8zci.ev3
717,梁功万,"2022-10-04 08:03:02",bz4aywe7bg@eiajj.zwx
718,韩膝,"2022-10-04 08:02:28",yzabhie36s@awsst.ur5
719,潘湍,"2022-10-04 08:04:23",wp6xriv1dy@5dpbr.43r
720,范筒,"2022-10-04 07:58:34",c20jtbgfhr@bxzky.6qz
721,冯插,"2022-10-04 08:00:22",eiadpammkb@odzgd.pa9
722,许虞,"2022-10-04 08:02:30",9o7mq5u6t6@cm8yn.cwc
723,陈人易,"2022-10-04 08:01:30",n2rpivplgi@skm1i.ahn
724,段远,"2022-10-04 08:03:14",svmasf3riw@t85ts.g96
725,余邱箭,"2022-10-04 07:59:41",ciejh96qb1@enxx1.uul
726,曾殖,"2022-10-04 08:03:07",ypn3yw4ree@eso8z.nim
727,沈狗,"2022-10-04 07:59:29",wcwj88sh5r@8rrvm.jvo
728,尉迟疼斗,"2022-10-04 08:03:59",xdxrkjyc9y@dli0j.csw
729,沈户,"2022-10-04 07:58:38",h8gvyu7fpt@i9mbc.5j1
730,陆咎,"2022-10-04 08:06:05",9wihfq59mx@axb1z.rb6
731,鲜于瞪,"2022-10-04 08:05:58",ibi4byyxkx@fyr5y.3it
732,彭裸,"2022-10-04 07:59:10",fnnwkmglyk@hh3ah.qyj
733,陆米蛮,"2022-10-04 08:03:12",7c9vsbiwc7@mvlcx.6dq
734,龙骚怒,"2022-10-04 08:02:18",22chlqmk4o@es7lg.gtk
735,熊帜,"2022-10-04 08:01:46",xyoydlgsgv@log6t.dj6
736,邓即凶,"2022-10-04 08:00:42",vpkdgw9gtl@qj09b.bie
737,任撅,"2022-10-04 08:04:45",gk0ua79gt1@1gn6q.sbw
738,何桓,"2022-10-04 07:58:45",3gt2dwayr0@xi0ze.mtv
739,谢萝,"2022-10-04 08:04:48",yefcthxw79@qrdmb.r9t
740,何贼坡,"2022-10-04 08:03:12",wxb20unhhv@2etc2.jl7
741,胡浮渣,"2022-10-04 08:02:19",9c5urnwpwf@8wcvd.glu
742,顾膏,"2022-10-04 08:00:27",radcmv3hds@r86hc.7vx
743,韩浴碌,"2022-10-04 08:04:23",mf3vmtphzy@rfick.1ak
744,宋劲粘,"2022-10-04 08:01:48",sirqarq1hy@6khl3.szg
745,叶欣确,"2022-10-04 08:00:15",7z9m0vpbvc@jypwa.v1p
746,张阉,"2022-10-04 08:05:03",mibeji6pvq@awpuc.zpm
747,鲜于称,"2022-10-04 07:59:02",r4f5zzasfd@c8ce1.3cz
748,贾藻娇,"2022-10-04 08:02:30",sb8nel03k3@cmsch.rx1
749,韦问兰,"2022-10-04 08:04:18",w5hoywij1y@tel5s.ywy
750,范弧,"2022-10-04 08:03:35",cu4lzgylbm@bjbyv.nbb
751,顾捷爷,"2022-10-04 07:59:22",nt8qvaqitt@limtj.zan
752,梁魏,"2022-10-04 08:03:16",lujown9z18@hzny3.7yw
753,韩啮钳,"2022-10-04 08:01:08",nv2pn1y0kb@d1dbw.fbe
754,邱郝,"2022-10-04 07:59:22",jbpdfpg7ej@aqg1z.ydx
755,沈瘩杂,"2022-10-04 08:01:17",owkwwi1voq@f1z59.zdk
756,董树掖,"2022-10-04 08:04:27",gelqoafwcz@lpl84.hjp
757,崔那,"2022-10-04 07:59:05",vjfgq1h1uj@puxfc.zcs
758,东方掘拭,"2022-10-04 08:01:26",fjtihfejma@opwfi.evn
759,方鹊,"2022-10-04 08:04:34",n2qgxdntnn@itmkd.jrs
760,邱圭荧,"2022-10-04 08:05:27",puarokmhra@q5fdk.esb
761,叶继,"2022-10-04 08:00:08",lnw3azbg2b@mqpcq.583
762,董赦,"2022-10-04 08:00:29",7j9hbxsjur@tud60.rbd
763,陈尺,"2022-10-04 08:06:16",zsexooocf6@fuqap.ufs
764,孙甜,"2022-10-04 08:01:10",sijbpieb8e@l6cuy.okw
765,吴峨,"2022-10-04 08:01:09",qmviz1l41z@xjqjo.vuw
766,杨萌,"2022-10-04 08:05:02",wl4a0eaihh@nf6an.zbk
767,令狐蟹瘪,"2022-10-04 08:03:57",tmgrqjagli@dqjuj.ncn
768,王蘸谨,"2022-10-04 08:02:51",t0tcpbqqo1@cl92s.7ja
769,毛壕供,"2022-10-04 08:02:54",ce1czirxfk@u6kto.en4
770,朱戏押,"2022-10-04 08:01:44",jxxfgpw9xv@8enli.urj
771,独孤多缅,"2022-10-04 08:00:49",mjaoyaduqt@4i6bt.sdm
772,任腑偏,"2022-10-04 07:58:46",medac4kfiy@bsczt.i7r
773,独孤典獭,"2022-10-04 08:02:57",rlondetdg7@1fmcl.pzy
774,范揭堂,"2022-10-04 07:59:16",ayiyyt1owq@6pyro.ctt
775,公孙惦,"2022-10-04 07:59:43",m2cfwdp653@nnqse.h6b
776,曾禄复,"2022-10-04 08:05:20",okn2ver6a5@bd59q.uuc
777,罗逆般,"2022-10-04 08:00:39",9h614skmyn@x3aoj.vpd
778,戴漳暂,"2022-10-04 07:59:12",mcxc3km8mw@8o9gn.wqf
779,秦冉九,"2022-10-04 08:05:45",otelumhx4g@jjzr0.biv
780,刘殴藩,"2022-10-04 07:58:53",dtpptsu2ws@9np5l.pe6
781,轩辕礁淤,"2022-10-04 08:06:09",fmoxzthjiy@yptfd.4cf
782,孙灸,"2022-10-04 08:02:42",jiazyorsfe@j1ivb.cqv
783,魏葛,"2022-10-04 08:03:56",cayhenpdm3@z3v4f.jcu
784,夏侯寝太,"2022-10-04 08:03:53",g9dkz1yfoa@flcju.2bj
785,王敲,"2022-10-04 08:03:32",4tut7blylv@a0gxl.ygg
786,皇甫犬浑,"2022-10-04 08:02:50",6z9wddcyqi@p2lmm.y8r
787,鲜于丫,"2022-10-04 08:00:22",u8d76zsq93@wrhga.zxu
788,武茂钢,"2022-10-04 08:06:05",sxocdgy57g@tbqvl.zvo
789,秦濒,"2022-10-04 08:04:25",krowoei3lo@eo5cd.tms
790,常惺,"2022-10-04 08:02:52",zw32lnatru@xpebk.bb1
791,韦侣,"2022-10-04 08:02:23",9xjkdsgbud@d0ua3.uyf
792,余仍,"2022-10-04 08:02:02",zpjdsaywuy@3ibbr.mqm
793,侯炬,"2022-10-04 08:06:36",eog3ydeulf@zpmyr.jxi
794,熊蝗,"2022-10-04 07:59:11",lyx2doeymt@eqsov.ews
795,李鲍,"2022-10-04 08:02:06",zd5ykftqbp@8sypm.rep
796,江液戈,"2022-10-04 07:58:34",adkbmgzas9@axbth.ol5
797,曾渊,"2022-10-04 08:03:14",kxibru8vel@7mlvm.6v0
798,梁檬帆,"2022-10-04 08:00:12",jfgyccm2an@fm81j.bar
799,郝蝉菌,"2022-10-04 08:04:11",0bhz7pskim@uilra.frh
800,白贝,"2022-10-04 07:59:05",lmffylzekm@2hhig.o9j
801,於容锌,"2022-10-04 08:00:36",ihvourk7s7@disat.nvz
802,范椅,"2022-10-04 08:02:26",vvdvbiehnk@bdohb.nku
803,唐袜,"2022-10-04 08:04:22",ytksdq8zdu@fzobs.eaz
804,西门板呼,"2022-10-04 08:01:39",ebzcnxj7km@wqias.ryy
805,唐惺,"2022-10-04 07:59:35",7p1ra9pzgo@qccib.cvy
806,毛厚谋,"2022-10-04 08:01:35",73xczi0yfu@90l14.lx3
807,洪绵,"2022-10-04 08:06:00",jryiqdjcqs@tcx0k.db2
808,皇甫曾匹,"2022-10-04 08:02:30",xevaot01zh@kde0b.ktj
809,左丘睬奸,"2022-10-04 08:01:44",rjqqqh0uhn@nfo3g.foy
810,尉迟诣筐,"2022-10-04 08:03:05",hwve5bkcbd@p1vkq.xcm
811,钱粗,"2022-10-04 08:00:52",ccquto4bai@wnkfm.iac
812,姚梳,"2022-10-04 07:59:34",vaafv3u6zb@upq7n.cab
813,曾砚,"2022-10-04 08:06:45",yazkf48dqg@epige.5bx
814,吕杜,"2022-10-04 08:05:35",rcewhe01iu@xmbgm.z5n
815,令狐旦,"2022-10-04 08:04:08",w9iebiwlna@pridm.h0r
816,姚挝,"2022-10-04 08:06:35",dzbixtwmoq@prwo9.kdq
817,宇文僻,"2022-10-04 08:02:17",sryfgmlrv8@3tkat.x7m
818,任推旺,"2022-10-04 07:58:36",keazp1bar0@1vf0w.aut
819,陈揣汛,"2022-10-04 08:00:37",xi17dqvozw@cpl5z.0ud
820,石巷,"2022-10-04 07:58:54",9juic8lp70@9xpsp.pxr
821,牛涝遇,"2022-10-04 08:03:18",cnl8d8ce8o@nvmif.rob
822,钱拔,"2022-10-04 08:01:13",aptzakrwy1@iixyp.bfg
823,魏碾,"2022-10-04 08:03:03",do5mnxloae@lshg6.6wf
824,侯赛,"2022-10-04 08:00:14",yvw5ohon4i@ox8vn.ehe
825,吕集,"2022-10-04 08:06:09",rthn8ortw9@vunxw.uba
826,贺饿即,"2022-10-04 07:59:12",kl4jzpiaz5@r7kk3.3mj
827,邱秘滇,"2022-10-04 08:06:40",tqbzwzjnv9@hq07k.qwj
828,於镊禹,"2022-10-04 08:03:26",3extmhiyzd@kv5er.cwc
829,王相,"2022-10-04 08:06:22",wk2eiekwuf@awemc.0zw
830,叶澎,"2022-10-04 08:04:16",kuqcxqtv9n@nev7m.zxk
831,石艾奶,"2022-10-04 08:00:05",zf0ubss7lz@f40m1.g2k
832,苏荫,"2022-10-04 08:04:39",sgvqebbqte@wla14.a9c
833,司马眠虎,"2022-10-04 08:05:20",pmfgtbqisn@1fnqe.up7
834,郑红辑,"2022-10-04 08:04:52",wak8hjf4gp@epryy.9fq
835,薛郧鄂,"2022-10-04 08:05:10",cgtvoxjukj@qfqkt.xtg
836,刘拢,"2022-10-04 08:00:10",74elxn5rpo@s3iyi.ail
837,蔡迁蔚,"2022-10-04 08:01:33",htbjd8x7mu@7nop5.6mn
838,万四杠,"2022-10-04 07:58:47",5zswc4xfkh@bfxxi.i2j
839,薛舅婶,"2022-10-04 08:06:40",9iqmrusfxf@bknal.ebn
840,陈教,"2022-10-04 08:05:18",rforq62ybu@ojlja.eiq
841,戴恤他,"2022-10-04 08:03:16",tsefkuhxag@v56wv.j1b
842,宇文殃,"2022-10-04 08:02:52",yek3xsiwtt@s56ym.nir
843,王敛狞,"2022-10-04 07:59:32",igvfixgtfl@d17fo.qgd
844,余戍坊,"2022-10-04 08:05:25",st0w6of6c7@x2jzt.nix
845,沈咎廖,"2022-10-04 08:06:15",5hl4yomvhv@ls63t.rga
846,顾赢,"2022-10-04 08:01:24",xnix8fuwpt@zgqpc.jwu
847,张岛撅,"2022-10-04 08:06:15",wn3zoiuibg@ktivy.mma
848,贾袭雕,"2022-10-04 08:02:27",nmbrfpvgf3@a9frg.wbq
849,蔡被,"2022-10-04 08:05:27",9f9ctuwnua@ww4lj.ind
850,牛谨碎,"2022-10-04 08:03:10",gxoa46eh2h@ipebg.cot
851,朱赂再,"2022-10-04 08:00:37",yd3gtgvdxb@uym97.rqf
852,常擞,"2022-10-04 08:03:53",gguuf9vnod@lortg.hgz
853,胡荚,"2022-10-04 08:03:09",lydaxvu9n5@nij3y.odn
854,洪岁,"2022-10-04 08:02:04",i2dgrnqomm@aeiwt.xh1
855,闾丘血,"2022-10-04 08:04:02",dedkucrtjd@geet5.cgf
856,邓椽,"2022-10-04 08:04:48",qluxukkljk@z3flt.mk2
857,鲜于铂,"2022-10-04 08:03:51",wolx2biox5@c3wvv.orj
858,谢氦寇,"2022-10-04 08:02:51",4pmfps0yy6@ilayz.bvu
859,段凯肺,"2022-10-04 08:01:10",z1vulljk6r@t15p1.oah
860,常俗,"2022-10-04 08:03:05",awt4hcjw3v@ojjxf.tcq
861,韩枷呵,"2022-10-04 08:01:06",mf6dph7sre@fyvih.1jd
862,田汾佣,"2022-10-04 08:05:58",izlvnvvmoy@e6mrp.rzv
863,白看,"2022-10-04 08:04:32",qffcwj2pho@shpvt.iat
864,范斗,"2022-10-04 08:05:43",mwndlw65jo@fia7p.0ju
865,傅鹤禾,"2022-10-04 08:03:45",49hmlaqjww@viuty.met
866,郝箩使,"2022-10-04 08:00:14",zozceceapo@ddsmy.t6e
867,曾厢密,"2022-10-04 08:00:35",tssclybkql@kdjlx.owq
868,杨题贯,"2022-10-04 08:00:54",4yo3tdssdz@v4djt.egf
869,司马挑,"2022-10-04 08:04:22",47qg48ozrv@hgj5c.0nt
870,邱掷祟,"2022-10-04 08:04:43",fecjgseq8k@l7dgu.t4t
871,薛且,"2022-10-04 07:59:52",hjiktwx7jk@kqewv.jnb
872,丁崎影,"2022-10-04 08:02:55",7eey89rtbk@nqfut.9oa
873,史坷,"2022-10-04 08:04:24",hl1rjjb3xm@1fdtl.1b1
874,汪奠亏,"2022-10-04 08:05:26",tbjti9in9z@gakp4.bhb
875,夏侯猪泡,"2022-10-04 07:59:58",9vowtafexo@htof9.paq
876,萧壳,"2022-10-04 08:02:25",dzige6o0nl@6ycmn.2rv
877,杨留,"2022-10-04 08:02:16",gykjtareii@xjhrl.wep
878,范吩饼,"2022-10-04 07:59:23",xaubjzbzeg@mwbmd.efv
879,冯郧聚,"2022-10-04 07:58:52",5mpfvino7d@dtivt.lnb
880,范颓厌,"2022-10-04 07:59:26",nosgpc2tso@lcy8l.itu
881,夏拣,"2022-10-04 08:02:29",dn76vo9xyb@ewgef.mxz
882,马院涟,"2022-10-04 08:05:08",vnbthoklaj@6izvo.ikm
883,叶卞诛,"2022-10-04 08:03:31",11skjwhuda@sofja.irq
884,许惩须,"2022-10-04 08:05:24",c8yep3aa1u@rbd8x.t5x
885,林镭,"2022-10-04 08:04:11",1jdesodara@rvlgu.n46
886,石账,"2022-10-04 08:05:40",oqogndksec@ly0z9.6gz
887,刘捣,"2022-10-04 08:06:26",dqbrh8poeb@dm46a.7xa
888,丁柱舔,"2022-10-04 08:06:39",w1eykdvvcs@whyxf.zln
889,姚铺怪,"2022-10-04 08:00:41",qnieleg7ah@x3rq9.ad0
890,许卖养,"2022-10-04 08:06:29",wzqieism3b@x8apo.uev
891,曹份,"2022-10-04 08:01:43",cqqfmzhvjd@7euzi.fgd
892,张潘魂,"2022-10-04 07:58:39",jwa4mnzjhb@kavvq.mr3
893,万徘嘻,"2022-10-04 08:01:26",smxrisqlvg@wrgfn.rrz
894,孙旷堪,"2022-10-04 08:05:19",lqbzyiypxo@vtbwf.7s5
895,侯诌勿,"2022-10-04 08:01:22",2ehzph2sgz@n4ndd.i6r
896,田室,"2022-10-04 08:04:38",bewwzqrpcr@aaxtr.ly7
897,白震冠,"2022-10-04 08:06:28",xobo9wo2ie@si8qs.ewt
898,唐务,"2022-10-04 08:06:41",shadju9auu@vg3pb.for
899,郑丹忠,"2022-10-04 08:06:09",aedorguhyc@hjwtn.2km
900,黄哥,"2022-10-04 07:58:46",snsk6zkaqf@zcfnz.wge
901,叶姓岭,"2022-10-04 08:00:48",3gsrsnk57c@afuh0.ulq
902,何商,"2022-10-04 08:04:06",cvw76jki1i@bens0.w69
903,韦坞,"2022-10-04 08:03:12",an6gfigr5w@jfozb.iha
904,张钧,"2022-10-04 08:05:53",f30bdcx8my@idmwu.tim
905,范搔盈,"2022-10-04 08:04:17",7j9voj3rtj@w2hs3.bmr
906,魏押,"2022-10-04 08:04:47",pr5k2xgieg@81jqi.rvu
907,程瓷,"2022-10-04 08:04:54",fnyvtenp2p@tvmiu.v7p
908,顾赤,"2022-10-04 08:03:34",ghpfio4vzj@kho8h.ylp
909,余叔赞,"2022-10-04 07:59:46",sxlqqrwq7i@lbu2k.az2
910,黄钩,"2022-10-04 08:00:18",7okq12mgaf@ypyv5.b13
911,蒋掺幂,"2022-10-04 08:06:49",gs6mvjjnmi@ta0vw.blq
912,程幌,"2022-10-04 07:58:31",ezsqqktfp8@016fv.lth
913,吴其,"2022-10-04 08:01:26",cxm1grh2pq@mx6ah.wvb
914,江皇,"2022-10-04 07:58:39",a5toxuz19s@13ogm.2pr
915,江仁谅,"2022-10-04 08:00:26",shrt2cyumb@jx66w.f7r
916,余宪漂,"2022-10-04 07:59:56",rr6efozn5x@jglbj.2xb
917,许梳珐,"2022-10-04 07:59:18",boezlii26c@cswu8.jqe
918,贺伙,"2022-10-04 07:59:52",nkth0odbjk@uot0x.2hw
919,潘户振,"2022-10-04 07:58:56",owk8iwf7n0@njqlr.2cw
920,陆士穿,"2022-10-04 08:01:07",upl4s0x354@kalum.mj7
921,崔版铜,"2022-10-04 08:03:25",fp1dvjcbdf@ehopq.a6h
922,王人坷,"2022-10-04 07:59:06",joiizftwep@toxu6.edz
923,丁脯馆,"2022-10-04 08:00:50",l8qntcmbvw@iep96.jtj
924,傅白鸵,"2022-10-04 08:02:10",vzpvd6axbj@hq8gv.zhv
925,蔡坯舱,"2022-10-04 08:06:11",czszudwo9u@1py5d.xnk
926,郝阜,"2022-10-04 08:01:14",jwqpcva6sh@9nbeh.gnl
927,尹咳,"2022-10-04 08:06:29",c0b8dphm08@6bsja.aqk
928,孟翁孔,"2022-10-04 08:06:35",n5aqqivoyf@wzobe.qeh
929,陈育,"2022-10-04 07:59:31",dbh1cnt8kj@at1eg.uta
930,薛亿,"2022-10-04 08:06:22",umbnkwnlb6@bhmg2.dme
931,施沥彻,"2022-10-04 07:58:32",w8fwajzuj8@cpa0g.awn
932,曾涪,"2022-10-04 08:06:04",kdoelpm3o1@jyfw4.ndv
933,龚蔡踞,"2022-10-04 07:58:38",fo4sohvfjz@rmimw.6id
934,钟曳,"2022-10-04 07:59:15",td9uaekrwr@nwqei.n85
935,尉迟芽嚎,"2022-10-04 08:05:32",3qf4sg8dkh@qhxaa.6za
936,於裁,"2022-10-04 08:05:38",zlmb1llupg@vsr9f.dwq
937,秦嗽屏,"2022-10-04 07:58:51",abqjv0sk8a@xhwch.zmv
938,孔垣沟,"2022-10-04 08:00:55",g6s4ekwoym@xz7it.bpw
939,侯俩检,"2022-10-04 08:05:07",e78ocahj3o@fdwqs.kqf
940,沈忿,"2022-10-04 08:02:18",imxcnpq4hj@pmniq.soh
941,钱贰,"2022-10-04 08:00:24",ytxqelguri@7nldq.yyo
942,马筛学,"2022-10-04 07:59:21",x0x2lco7si@g9cm2.quf
943,梁勿,"2022-10-04 08:04:50",hfwadfktbg@jlqhl.nto
944,贺图拌,"2022-10-04 08:03:56",yxbf99yhmr@r9xg2.p7a
945,周齐截,"2022-10-04 08:02:45",pkacihveqb@fkwx2.hhz
946,宋末殊,"2022-10-04 07:59:06",cakcvwiumv@thrxu.rdv
947,梁攫糕,"2022-10-04 08:00:34",vt8b1dsesb@1ebmk.edg
948,史六拱,"2022-10-04 08:02:58",arhtyvdibl@4wwdn.ox5
949,曾嘉痢,"2022-10-04 08:04:26",qfmiavsp00@s7udx.ieh
950,孔狞玖,"2022-10-04 08:01:06",vzpkvdhu3f@tqfvf.t7c
951,孙网铲,"2022-10-04 07:59:44",qzmm8s33n2@8w74q.swl
952,轩辕畸疡,"2022-10-04 08:02:09",9zhfmkdbxj@pkzuy.txf
953,贾迸枉,"2022-10-04 08:04:17",o4ggt4sjen@yxogi.uvi
954,江方猪,"2022-10-04 08:05:00",wnty9b3vs9@w1nn5.lvi
955,邹佛象,"2022-10-04 08:00:51",4wmaotyrl5@l4cbo.rne
956,萧臭,"2022-10-04 07:58:43",fzcffz7ips@dwloz.ior
957,谢拾,"2022-10-04 08:00:50",znvfq3vprl@mcwvw.yff
958,郑胃,"2022-10-04 07:59:13",inamv6vdcq@e7gzj.n1b
959,曹舟耽,"2022-10-04 08:05:34",noub7wzgc8@bft4v.b6i
960,丁农男,"2022-10-04 08:03:28",pisxxqmsdm@xnafd.yn0
961,李酸垮,"2022-10-04 08:05:58",xxiavht5ro@l2sht.he6
962,蒋瘴挖,"2022-10-04 08:03:32",5nlnolftnf@hctb1.qac
963,尉迟竖凿,"2022-10-04 08:01:34",kib68q4ovh@srzcn.bce
964,常控韭,"2022-10-04 08:01:55",8xv9hvoy15@l8wnz.fnq
965,高谊,"2022-10-04 08:00:10",dpdc1gtvq1@ptvna.zoj
966,江艇漾,"2022-10-04 08:01:01",cd6hdx31fr@nftdo.k6d
967,傅仅,"2022-10-04 07:59:21",11se3xromi@h9cjz.pj4
968,段挥埋,"2022-10-04 08:05:53",dez2s4wxng@9wztg.lps
969,邹调五,"2022-10-04 07:59:00",mlyijuwbry@3xx6s.23h
970,孟废秒,"2022-10-04 08:01:25",wyl09t6t9e@vtvmk.mem
971,孙算霓,"2022-10-04 07:59:44",ryr8r4hcai@mo92o.gzb
972,陆肿,"2022-10-04 07:59:42",8gpx1hlzzp@oekde.xx0
973,邵尔泥,"2022-10-04 08:06:37",vi1wnbsbfm@gu1dd.ipx
974,熊耽娘,"2022-10-04 07:59:04",8ackt3stw2@19wnw.vjr
975,武瘤,"2022-10-04 08:04:19",t0c2qq8hqp@ekkl5.zfx
976,高邻辨,"2022-10-04 08:06:43",giktblgx20@j6qi1.aqb
977,贺群,"2022-10-04 07:58:59",1wlgcah4fe@wba4q.dv7
978,范线楔,"2022-10-04 08:00:55",xvxop7pq2a@mcwvw.1hi
979,郝圣,"2022-10-04 08:01:45",r5ogu3t6fo@eug4l.6jj
980,马埃,"2022-10-04 07:58:47",kxmjqmx7fl@32whk.kwc
981,曾菠汇,"2022-10-04 08:00:00",ckwsvxdsij@6ptz3.c0d
982,魏晃橙,"2022-10-04 08:04:13",xcuodahknb@s1f81.gbm
983,西门戴,"2022-10-04 08:06:23",8gbah9ufs8@rc8hd.fym
984,左丘嗡,"2022-10-04 08:01:08",ujyj4kymgp@5odot.g24
985,胡赣,"2022-10-04 08:03:19",tqfklvllar@n1wjz.pzu
986,卢入先,"2022-10-04 08:04:46",lj7niipxiz@rgtjn.0wr
987,司马月迪,"2022-10-04 08:01:43",rpbdbknoip@yvfo0.lpv
988,曾啸,"2022-10-04 08:00:52",wber2en4mf@64wuy.egv
989,钱多脏,"2022-10-04 08:00:19",67yb1pegrx@chdoj.m18
990,欧阳贮,"2022-10-04 08:04:22",eynnhwhrfw@t8rlj.zcd
991,李搅供,"2022-10-04 08:02:10",wkazmcjlcq@jetj3.odn
992,慕容贝徽,"2022-10-04 08:06:24",e8oruqgro0@zuygi.pj9
993,轩辕婶,"2022-10-04 07:58:36",fqp1nyxrmw@2tapq.arp
994,邹耻兆,"2022-10-04 07:58:54",5lskasvfpj@g0wle.kaz
995,薛谜,"2022-10-04 08:04:46",mblh7hpvpf@mg2bz.hfc
996,邱产处,"2022-10-04 07:59:10",hilei2tjr8@zcymo.ve4
997,贾肃途,"2022-10-04 07:59:43",dspwyffw2p@ocumw.5qn
998,史别,"2022-10-04 08:01:27",cveu8ca8u5@95srp.cwd
999,姜鹏翌,"2022-10-04 08:02:09",ba4pmo9ehw@mfty6.az5
